{"assets": {"uris": {"scheduler-zip": "https://downloads.mesosphere.com/cassandra/assets/1.0.8-2.2.5/scheduler.zip", "executor-zip": "https://downloads.mesosphere.com/cassandra/assets/1.0.8-2.2.5/executor.zip", "jre-tar-gz": "https://downloads.mesosphere.com/cassandra/assets/1.0.8-2.2.5/server-jre-8u74-linux-x64.tar.gz", "apache-cassandra-bin-tar-gz": "https://downloads.mesosphere.com/cassandra/assets/1.0.8-2.2.5/apache-cassandra-2.2.5-bin-dcos.tar.gz"}}, "images": {"icon-small": "https://downloads.mesosphere.com/cassandra-mesos/assets/cassandra-small.png", "icon-medium": "https://downloads.mesosphere.com/cassandra-mesos/assets/cassandra-medium.png", "icon-large": "https://downloads.mesosphere.com/cassandra-mesos/assets/cassandra-large.png"}}