{"assets": {"uris": {"scheduler-zip": "https://downloads.mesosphere.com/dse/assets/1.0.15-5.0.0/scheduler.zip", "executor-zip": "https://downloads.mesosphere.com/dse/assets/1.0.15-5.0.0/executor.zip", "jre-tar-gz": "https://downloads.mesosphere.com/datastax/assets/server-jre-8u74-linux-x64.tar.gz", "apache-cassandra-bin-tar-gz": "https://downloads.mesosphere.com/datastax/assets/dse-5.0.0-bin.tar.gz"}}, "images": {"icon-small": "https://downloads.mesosphere.com/datastax/assets/48x48.png", "icon-medium": "https://downloads.mesosphere.com/datastax/assets/96x96.png", "icon-large": "https://downloads.mesosphere.com/datastax/assets/256x256.png"}}