{"assets": {"uris": {"jre-tar-gz": "https://downloads.mesosphere.com/dcos-commons/artifacts/jre-8u91-linux-x64.tar.gz", "libmesos-bundle-tar-bz2": "http://downloads.mesosphere.com/libmesos-bundle/libmesos-bundle-1.8.7-1.0.2.tar.bz2", "scheduler-zip": "https://downloads.mesosphere.com/hello-world/assets/1.0.0/hello-world-scheduler.zip", "executor-zip": "https://downloads.mesosphere.com/hello-world/assets/1.0.0/executor.zip"}}, "images": {"icon-small": "https://github.com/dcos/dcos-ui/blob/master/plugins/services/src/img/icon-service-default-small.png?raw=true", "icon-medium": "https://github.com/dcos/dcos-ui/blob/master/plugins/services/src/img/icon-service-default-medium.png?raw=true", "icon-large": "https://github.com/dcos/dcos-ui/blob/master/plugins/services/src/img/icon-service-default-large.png?raw=true"}}