{"assets": {"uris": {"jre-tar-gz": "https://downloads.mesosphere.com/kafka/assets/jre-8u91-linux-x64.tar.gz", "kafka_tgz": "https://packages.confluent.io/archive/3.1/confluent-oss-3.1.1-mesos.tgz", "scheduler-zip": "https://downloads.mesosphere.com/kafka/assets/1.1.16-0.10.0.0/scheduler.zip", "executor-zip": "https://downloads.mesosphere.com/kafka/assets/1.1.16-0.10.0.0/executor.zip", "overrider-zip": "https://downloads.mesosphere.com/kafka/assets/1.1.16-0.10.0.0/overrider.zip"}}, "images": {"icon-small": "https://downloads.mesosphere.com/universe/assets/icon-service-kafka-small.png", "icon-medium": "https://downloads.mesosphere.com/universe/assets/icon-service-kafka-medium.png", "icon-large": "https://downloads.mesosphere.com/universe/assets/icon-service-kafka-large.png"}}