{"assets": {"uris": {"jre-tar-gz": "https://downloads.mesosphere.com/java/jre-8u112-linux-x64.tar.gz", "libmesos-bundle-tar-gz": "https://downloads.mesosphere.com/libmesos-bundle/libmesos-bundle-1.9-argus-1.1.x-2.tar.gz", "scheduler-zip": "https://downloads.mesosphere.com/hello-world/assets/1.1.1/hello-world-scheduler.zip", "executor-zip": "https://downloads.mesosphere.com/hello-world/assets/1.1.1/executor.zip"}}, "images": {"icon-small": "https://github.com/dcos/dcos-ui/blob/master/plugins/services/src/img/icon-service-default-small.png?raw=true", "icon-medium": "https://github.com/dcos/dcos-ui/blob/master/plugins/services/src/img/icon-service-default-medium.png?raw=true", "icon-large": "https://github.com/dcos/dcos-ui/blob/master/plugins/services/src/img/icon-service-default-large.png?raw=true"}}