{"images": {"icon-small": "https://downloads.mesosphere.com/hdfs/assets/icon-service-hdfs-small.png", "icon-medium": "https://downloads.mesosphere.com/hdfs/assets/icon-service-hdfs-medium.png", "icon-large": "https://downloads.mesosphere.com/hdfs/assets/icon-service-hdfs-large.png"}, "assets": {"uris": {"hdfs-mesos-scheduler": "https://s3-eu-west-1.amazonaws.com/downloads.mesosphere.com/hdfs/hdfs-mesos-0.1.9.tgz", "jre-tar-gz": "https://downloads.mesosphere.com/java/jre-7u76-linux-x64.tar.gz"}}}