{"assets": {"uris": {"scheduler-zip": "https://downloads.mesosphere.com/cassandra/assets/1.0.23-3.0.10/scheduler.zip", "executor-zip": "https://downloads.mesosphere.com/cassandra/assets/1.0.23-3.0.10/executor.zip", "jre-tar-gz": "https://downloads.mesosphere.com/java/jre-8u121-linux-x64.tar.gz", "apache-cassandra-bin-tar-gz": "https://downloads.mesosphere.com/cassandra/assets/apache-cassandra-3.0.10-bin-dcos.tar.gz", "libmesos-bundle-tar-gz": "http://downloads.mesosphere.com/libmesos-bundle/libmesos-bundle-1.8.7-1.0.2.tar.gz"}}, "images": {"icon-small": "https://downloads.mesosphere.com/cassandra-mesos/assets/cassandra-small.png", "icon-medium": "https://downloads.mesosphere.com/cassandra-mesos/assets/cassandra-medium.png", "icon-large": "https://downloads.mesosphere.com/cassandra-mesos/assets/cassandra-large.png"}}