{"assets": {"uris": {"scheduler-zip": "https://downloads.mesosphere.com/cassandra/assets/1.0.17-3.0.8/scheduler.zip", "executor-zip": "https://downloads.mesosphere.com/cassandra/assets/1.0.17-3.0.8/executor.zip", "jre-tar-gz": "https://downloads.mesosphere.com/cassandra/assets/server-jre-8u74-linux-x64.tar.gz", "apache-cassandra-bin-tar-gz": "https://downloads.mesosphere.com/cassandra/assets/apache-cassandra-3.0.8-bin-dcos.tar.gz"}}, "images": {"icon-small": "https://downloads.mesosphere.com/cassandra-mesos/assets/cassandra-small.png", "icon-medium": "https://downloads.mesosphere.com/cassandra-mesos/assets/cassandra-medium.png", "icon-large": "https://downloads.mesosphere.com/cassandra-mesos/assets/cassandra-large.png"}}